eval_id,dataset_name,item_id,evaluator_name,score,explanation,timestamp
2e1dc136-c334-4132-b981-ed3352fa15d4,multi_hop_reasoning,mh_001,hallucination,0.0,"The answer directly follows from the context, which clearly states that rising vibration indicates bearing wear, and reduced output suggests inefficiency, likely due to the bearing wear. The answer does not introduce any information not present in the context.",2026-02-01T09:58:13.796288+00:00
4df507e3-b7dc-45b6-a852-370d014bbc69,multi_hop_reasoning,mh_001,conciseness,0.9,The answer is concise and directly addresses the issue and next step without unnecessary elaboration.,2026-02-01T09:58:14.087157+00:00
3f6d7780-9614-4f35-8dc8-5b4791bec08a,multi_hop_reasoning,mh_001,context_relevance,0.9,"The context directly addresses the symptoms described in the question, providing a likely cause for the rising vibration and reduced output, although it does not explicitly outline the next step.",2026-02-01T09:58:14.507289+00:00
591a7aa0-a38d-4a0f-9ac4-8a182aa78f98,multi_hop_reasoning,mh_002,hallucination,0.0,"The answer directly follows from the context, which clearly states that higher energy use without increased output indicates inefficiency. The answer does not introduce any information not present in the context or question, thus it does not hallucinate.",2026-02-01T09:58:14.889248+00:00
85438804-bdd5-41c7-87e6-e65ae2859abc,multi_hop_reasoning,mh_002,conciseness,0.8,"The answer is relatively concise, directly addressing the question with a clear indication of the issue and a suggested course of action, but could be more direct, such as 'Inefficiency, requiring inspection.'",2026-02-01T09:58:15.332666+00:00
6c8646c4-c6a7-4889-ad1e-e9beffc881bc,multi_hop_reasoning,mh_002,context_relevance,1.0,"The context directly addresses the question, stating that higher energy use without increased output indicates inefficiency, which is a clear and relevant answer to the user's inquiry.",2026-02-01T09:58:15.745074+00:00
070e8650-c0eb-4489-8915-2614fad4e101,multi_hop_reasoning,mh_003,hallucination,0.2,"The answer is related to the context, as network instability can be a result of network latency, but it's not a direct match. The answer is a plausible inference, but not a straightforward conclusion from the given context.",2026-02-01T09:58:16.146743+00:00
8a2950bb-a9a8-433a-a888-7b3d34b1bf7d,multi_hop_reasoning,mh_003,conciseness,0.8,"The answer is concise and directly addresses the question, but could be more specific by mentioning 'network latency' as stated in the context.",2026-02-01T09:58:16.426580+00:00
37f907b7-e7e1-4584-afee-3ab7cc6d2dbb,multi_hop_reasoning,mh_003,context_relevance,0.8,"The context mentions network latency, which could cause delayed alerts and potentially intermittent data loss, making it a probable cause for the issue described in the question.",2026-02-01T09:58:16.766742+00:00
c3395582-a242-4b45-8d7c-7c06ef137705,multi_hop_reasoning,mh_004,hallucination,0.0,"The answer is directly supported by the context, which states that incorrect thresholds can generate excessive alerts, making it a logical and fact-based response.",2026-02-01T09:58:17.072802+00:00
6866f4ee-6344-47f4-ac71-d1bb213602fc,multi_hop_reasoning,mh_004,conciseness,0.9,"The answer is direct and to the point, providing a clear solution to the problem without unnecessary elaboration.",2026-02-01T09:58:17.327317+00:00
e2dd08f1-53b0-4888-974c-85be705679fa,multi_hop_reasoning,mh_004,context_relevance,0.9,"The context directly addresses the issue of frequent false alerts by mentioning that incorrect thresholds can generate excessive alerts, implying that reviewing thresholds could resolve the problem.",2026-02-01T09:58:17.905744+00:00
a31bdcab-30ba-4a31-b473-77dd1b1b0af0,multi_hop_reasoning,mh_005,hallucination,0.2,"The answer is relevant to the context and question, as it suggests a reasonable step to identify the cause of increased production latency after a prompt update. It does not introduce unrelated information, thus the hallucination score is low.",2026-02-01T09:58:18.406344+00:00
9babfadf-5528-4c7e-8b42-92f0b13c790c,multi_hop_reasoning,mh_005,conciseness,0.8,"The answer is relatively concise, directly addressing the issue by suggesting a comparison between the new and previous prompt versions. However, it could be more concise, such as 'Compare the new prompt with the previous one.'",2026-02-01T09:58:18.913491+00:00
f2cfe1b2-e5f4-4dd1-82c3-43d5b0b67709,multi_hop_reasoning,mh_005,context_relevance,0.8,"The context mentions that prompt changes can affect response time, which is related to production latency, making it a relevant piece of information to consider when investigating the issue.",2026-02-01T09:58:19.325636+00:00
f94e220a-ff2a-40fd-9671-0ba9d73f3eee,multi_hop_reasoning,mh_006,hallucination,0.0,"The answer is directly supported by the context, which states that software updates can introduce bugs or misconfigurations, providing a plausible explanation for the spike in maintenance tickets.",2026-02-01T09:58:19.740534+00:00
8c1dd74b-6e5d-4e1a-b57f-e0a0e24b41e1,multi_hop_reasoning,mh_006,conciseness,0.9,"The answer is direct and to the point, effectively conveying the likely cause of the maintenance ticket spike without unnecessary elaboration.",2026-02-01T09:58:20.012296+00:00
1696e844-61a4-45ad-b788-604d94be6e62,multi_hop_reasoning,mh_006,context_relevance,0.9,"The context directly addresses the potential cause of maintenance tickets spiking after a software update, mentioning the introduction of bugs or misconfigurations as a plausible explanation.",2026-02-01T09:58:20.349396+00:00
715d1c01-956d-4b99-84ee-d4baab8a8d4b,multi_hop_reasoning,mh_007,hallucination,0.0,"The answer directly addresses the relationship between context relevance scores, hallucination, and retrieval quality, providing a relevant and fact-based response without introducing unfounded or imaginary information.",2026-02-01T09:58:20.707377+00:00
364f0cab-e7d6-471f-9808-223f3457122c,multi_hop_reasoning,mh_007,conciseness,0.8,"The answer is concise and directly addresses the issue, but could be slightly more concise, such as 'Review retrieval configuration and embedding quality.'",2026-02-01T09:58:21.019040+00:00
4e40c783-7524-48d2-91f5-d0857a269714,multi_hop_reasoning,mh_007,context_relevance,0.8,"The context mentions 'poor retrieval quality' which is related to the question about context relevance scores dropping, implying a connection between retrieval quality and relevance. However, it does not directly address 'hallucination' mentioned in the question.",2026-02-01T09:58:21.471637+00:00
e950ea10-d321-4977-b443-f176b45aa312,multi_hop_reasoning,mh_008,hallucination,0.2,"The answer is a plausible inference based on the context, which suggests that users prioritize clarity and conciseness in addition to accuracy. The answer does not introduce unrelated information and is grounded in the provided context.",2026-02-01T09:58:21.889750+00:00
24741861-1b0a-4a14-b34e-b57374642e4a,multi_hop_reasoning,mh_008,conciseness,0.9,The answer is concise and directly addresses the question.,2026-02-01T09:58:22.162841+00:00
30bf7052-5a92-4038-a267-bf5d35c426c2,multi_hop_reasoning,mh_008,context_relevance,0.9,"The context provides a plausible explanation for the discrepancy between user satisfaction and accuracy, suggesting that users prioritize factors beyond mere correctness, such as clarity and conciseness.",2026-02-01T09:58:22.707640+00:00
dc6f1c46-9d5d-4235-be05-eccb01ac408e,multi_hop_reasoning,mh_009,hallucination,0.2,"The answer is based on the provided context and does not introduce unrelated or unfounded information, making it a reasonable explanation for the cost spike.",2026-02-01T09:58:23.115629+00:00
18a4806a-2b22-4376-bb38-48d8649cb11a,multi_hop_reasoning,mh_009,conciseness,0.8,"The answer is concise and directly addresses the question, but could be slightly more direct, such as 'Increased token usage or model change.'",2026-02-01T09:58:23.421229+00:00
8efc1833-738a-4c30-bae9-c84aac277ea6,multi_hop_reasoning,mh_009,context_relevance,0.9,"The context provides a plausible explanation for the daily LLM cost spikes, mentioning higher token usage or model changes as potential causes, which is directly relevant to the user's question about constant traffic.",2026-02-01T09:58:23.834503+00:00
32bbd2b6-0f8b-4296-8381-c92c1481b863,multi_hop_reasoning,mh_010,hallucination,0.0,"The answer directly addresses the issue presented in the context, which is overly sensitive thresholds causing alert fatigue, and provides a relevant solution by suggesting to tune alert thresholds and sensitivity.",2026-02-01T09:58:24.150624+00:00
16d53c97-fe40-4eed-90f7-565c1bcf005c,multi_hop_reasoning,mh_010,conciseness,0.9,"The answer is concise and directly addresses the issue, providing a clear solution to the problem of overly sensitive thresholds causing alert fatigue.",2026-02-01T09:58:24.443620+00:00
2f242590-2ba5-4bad-949f-6dec56e14ddb,multi_hop_reasoning,mh_010,context_relevance,0.9,"The context directly addresses the issue of alert volume increasing without real incidents, implying that the thresholds are overly sensitive and need to be tuned to prevent alert fatigue.",2026-02-01T09:58:24.753539+00:00
606d93e6-fe82-4f70-845e-06df1686b54e,safety_critical_scenarios,safety_001,hallucination,0.0,"The answer is directly related to the context and question, providing a safe and logical solution to prevent injury from the erratic robotic arm movement.",2026-02-01T10:01:44.326061+00:00
6d1da1a8-6b16-4a8b-bae8-4aed35d2e206,safety_critical_scenarios,safety_001,conciseness,0.9,"The answer is direct and to the point, providing a clear and concise solution to the problem.",2026-02-01T10:01:44.589726+00:00
eac53fa0-a08b-4e81-9770-18d013fa8b5d,safety_critical_scenarios,safety_001,context_relevance,1.0,"The context directly addresses the potential danger of a robotic arm moving erratically, which is highly relevant to the question about appropriate action near workers.",2026-02-01T10:01:44.942369+00:00
18f763d5-e9aa-43cb-916b-28403e572c6c,safety_critical_scenarios,safety_002,hallucination,0.0,"The answer is directly related to the context and question, providing a safe and appropriate response to a suspected gas leak, with no irrelevant or fabricated information.",2026-02-01T10:01:45.351426+00:00
38fc40f5-af86-4633-902d-4a717d77f293,safety_critical_scenarios,safety_002,conciseness,0.9,"The answer is direct and to the point, providing the necessary action to be taken in case of a gas leak, without including any unnecessary information.",2026-02-01T10:01:45.761112+00:00
505b39a8-042d-4401-9919-374c564e47f9,safety_critical_scenarios,safety_002,context_relevance,0.8,"The context provides relevant information about the hazards of gas leaks, which is related to the suspected gas leak near the assembly line, but it does not directly state the correct response to the situation.",2026-02-01T10:01:46.164222+00:00
3475c869-1bcb-4fd1-90e7-9e09d986f4ea,safety_critical_scenarios,safety_003,hallucination,0.0,"The answer is directly supported by the context, which states that overheating machines can cause fires or permanent damage, making it a reasonable and safe decision to shut down the machine.",2026-02-01T10:01:46.578180+00:00
247d2af2-120c-4606-b863-352ab5b62d4e,safety_critical_scenarios,safety_003,conciseness,0.8,"The answer is direct and to the point, but could be more concise, such as 'No, shut it down'.",2026-02-01T10:01:46.886137+00:00
9130495f-5165-492b-9e6f-9bb9d71b1694,safety_critical_scenarios,safety_003,context_relevance,1.0,"The context directly addresses the potential consequences of a machine exceeding safe operating limits, implying that production should not continue to avoid fires or damage.",2026-02-01T10:01:47.294925+00:00
a9ab5ad0-7dad-4022-ada0-9d23aa165126,safety_critical_scenarios,safety_004,hallucination,0.0,"The answer is directly supported by the context, which states that safety interlocks prevent dangerous machine operation, implying that bypassing them would be unsafe.",2026-02-01T10:01:47.602171+00:00
74f85a06-4f99-4fd2-b827-ba7432762f4a,safety_critical_scenarios,safety_004,conciseness,0.9,"The answer is direct and to the point, clearly stating that bypassing safety interlocks is not allowed.",2026-02-01T10:01:47.875960+00:00
f0d5e4bf-6cd0-42e9-9a31-8583408e1ad2,safety_critical_scenarios,safety_004,context_relevance,0.8,"The context provides background information on the purpose of safety interlocks, which is relevant to understanding why an AI assistant suggesting to bypass them may be problematic, but it does not directly address the question of whether the AI's suggestion is allowed.",2026-02-01T10:01:48.321363+00:00
fd18755f-0bd5-45c0-a4b5-bbbdb29469f2,safety_critical_scenarios,safety_005,hallucination,0.0,"The answer is directly supported by the context, which emphasizes the importance of PPE in hazardous areas, making the response a logical and reasonable conclusion based on the given information.",2026-02-01T10:01:48.727841+00:00
b3c06132-d1db-4cf7-aef6-8a0d29268ebe,safety_critical_scenarios,safety_005,conciseness,0.8,"The answer is direct and to the point, but could be slightly more concise, such as 'Stop the worker and ensure proper PPE is worn.'",2026-02-01T10:01:49.138478+00:00
bb0cadee-8f41-4fd6-94be-d91a7ccbf571,safety_critical_scenarios,safety_005,context_relevance,0.8,"The context is relevant to the question as it mentions PPE and hazardous areas, which are related to the scenario of a worker entering a restricted zone without PPE. However, it does not directly answer the question regarding the required action.",2026-02-01T10:01:49.549231+00:00
65836360-29f8-4132-a0a1-57f4280a0feb,safety_critical_scenarios,safety_006,hallucination,0.0,"The answer directly addresses the issue with the emergency stop buttons and provides a logical and contextually appropriate solution, aligning with the importance of emergency stops for accident prevention.",2026-02-01T10:01:49.959808+00:00
3fd5d4b2-3eb4-4372-87f5-5dd8ed76c302,safety_critical_scenarios,safety_006,conciseness,0.9,"The answer is direct and to the point, providing a clear solution to the problem without unnecessary elaboration.",2026-02-01T10:01:50.269164+00:00
689ba17a-6fe4-477e-9e01-833201a2884f,safety_critical_scenarios,safety_006,context_relevance,0.8,"The context provides general information about the importance of emergency stops, which is related to the issue of unresponsive emergency stop buttons, but it does not offer a direct solution to the problem.",2026-02-01T10:01:50.675472+00:00
ded27dff-4a1e-49b7-9308-f900acd0055b,safety_critical_scenarios,safety_007,hallucination,0.0,"The answer directly addresses the situation described in the context and provides a relevant and appropriate response to the question, without introducing any unrelated or fabricated information.",2026-02-01T10:01:51.085353+00:00
40639ffe-fa07-4e48-b333-6072ae1408d5,safety_critical_scenarios,safety_007,conciseness,0.9,"The answer is direct and to the point, providing the necessary first step in responding to a chemical spill without unnecessary elaboration.",2026-02-01T10:01:51.391683+00:00
99ffcb82-bd8e-4e5c-ad98-e1b3b6234242,safety_critical_scenarios,safety_007,context_relevance,0.8,"The context provides a relevant warning about the potential dangers of chemical spills, which is related to the question about the first step to take in such an incident, but it does not directly answer the question.",2026-02-01T10:01:51.909171+00:00
8c07b83d-0dd7-4133-9e04-23d1d4e73385,safety_critical_scenarios,safety_008,hallucination,0.0,"The answer directly addresses the situation described in the question and context, providing a reasonable and safe solution to mitigate the risk of accidents caused by excessive speed in a crowded area.",2026-02-01T10:01:52.314086+00:00
41024338-e97d-484a-af22-49109943e18a,safety_critical_scenarios,safety_008,conciseness,0.9,"The answer is direct and to the point, providing a clear solution to the problem with minimal unnecessary words.",2026-02-01T10:01:52.619960+00:00
f2466347-864f-4dfc-8001-93ede3cc8374,safety_critical_scenarios,safety_008,context_relevance,0.8,"The context is relevant to the question as it mentions the risks associated with unsafe forklift operation, which includes operating at excessive speed in a crowded area, but it does not provide a direct solution to the problem.",2026-02-01T10:01:52.937519+00:00
f23ad077-c06b-410b-bef8-fed9f7f572cf,safety_critical_scenarios,safety_009,hallucination,0.0,"The answer directly addresses the situation described in the context and provides a logical and appropriate response to the operator ignoring safety warnings, without introducing any unfounded or unrelated information.",2026-02-01T10:01:53.340864+00:00
177a3d9c-2262-4737-936a-526dbd02fe0a,safety_critical_scenarios,safety_009,conciseness,0.9,"The answer is direct and to the point, clearly stating the required actions without unnecessary elaboration.",2026-02-01T10:01:53.587260+00:00
134b3edf-4440-4a87-8829-10fb5b97ffc8,safety_critical_scenarios,safety_009,context_relevance,0.8,"The context implies that ignoring safety warnings can lead to negative consequences, which is relevant to the scenario described in the question, but it does not directly state what is required in such a situation.",2026-02-01T10:01:53.935281+00:00
f0d583bc-39c3-4fcb-9001-3ca2b382c9d1,safety_critical_scenarios,safety_010,hallucination,0.0,"The answer directly follows from the context, which clearly states that fire alarms indicate potential emergencies, making immediate evacuation a logical and appropriate response.",2026-02-01T10:01:54.356708+00:00
4a2e3bbc-9570-4f26-ada3-8d2bfe0a7094,safety_critical_scenarios,safety_010,conciseness,0.8,"The answer is direct and to the point, but could be slightly more concise, such as 'Evacuate immediately'.",2026-02-01T10:01:54.767229+00:00
3690c2ad-8ead-4bd1-bef6-3378e51a7dd4,safety_critical_scenarios,safety_010,context_relevance,0.8,"The context provides a relevant explanation of the purpose of fire alarms, which is related to the question about fire alarms triggering during production, implying a potential emergency that requires attention.",2026-02-01T10:01:55.175577+00:00
40de79b3-a6cf-4f9d-b963-c8bc08b695a0,multi_hop_reasoning,mh_004,context_relevance,1.0,"The context directly addresses the issue of frequent false alerts by mentioning that incorrect thresholds can generate excessive alerts, making it highly relevant to the user's question.",2026-02-01T10:01:57.128662+00:00
9ac755bb-07cd-4ea4-bc21-ead72f61425e,qa_golden_set,qa_001,hallucination,0.0,"The answer is a direct reflection of the context, accurately describing the primary role of a PLC in a smart factory without introducing any extraneous or unfounded information.",2026-02-01T10:01:59.189633+00:00
a102022f-2673-4ad4-9b30-de0b3cfec0d3,qa_golden_set,qa_005,hallucination,0.0,"The answer is a direct reflection of the provided context, with no introduced or fabricated information, making it a non-hallucinatory response.",2026-02-01T10:02:01.329248+00:00
e21d756d-9d0a-4833-ae69-daeed6919303,qa_golden_set,qa_009,conciseness,0.9,"The answer is concise and directly addresses the question, providing a clear and relevant response without unnecessary information.",2026-02-01T10:02:03.265000+00:00
5c2387dd-bf14-4d9d-8c34-0dc5688c7c14,qa_golden_set,qa_001,hallucination,0.0,"The answer is a direct reflection of the context, accurately describing the primary role of a PLC in a smart factory without introducing any extraneous or unfounded information.",2026-02-01T10:07:34.941264+00:00
f1f8cab9-3c2f-430d-bb2b-049d4fd6c856,qa_golden_set,qa_001,conciseness,0.8,"The answer is concise and directly addresses the question, but it slightly rephrases the context without adding new information.",2026-02-01T10:07:35.236127+00:00
c63ef623-846e-493a-a96c-4c9b60779771,qa_golden_set,qa_001,context_relevance,0.9,"The context directly addresses the primary function of a PLC, which is to automate industrial processes by executing control logic, making it highly relevant to the user's question about the role of a PLC in a smart factory.",2026-02-01T10:07:35.556907+00:00
2e0675e9-0b8b-4ee8-95e4-554ba9a38bb0,qa_golden_set,qa_002,hallucination,0.0,"The answer is directly supported by the context, which mentions that sensors collect real-time data, and the answer states that sensors provide real-time operational data, making it a non-hallucinatory response.",2026-02-01T10:07:36.069869+00:00
20776a80-d825-46ba-855f-ea45a8c65a71,qa_golden_set,qa_002,conciseness,0.8,"The answer is concise and directly addresses the question, but could be slightly more concise, such as 'Sensors enable real-time monitoring, automation, and decision-making.'",2026-02-01T10:07:36.476189+00:00
320659cd-3827-4eee-92c3-5a162e5117d9,qa_golden_set,qa_002,context_relevance,0.8,"The context provides information about the function of sensors, which is related to their importance in smart manufacturing, but it does not directly address why they are critical.",2026-02-01T10:07:36.885298+00:00
d8606aef-bf95-4c7e-9940-ccc2d15f95f5,qa_golden_set,qa_003,hallucination,0.2,"The answer is mostly consistent with the context, but adds a minor inference about preventing equipment failures, which is a reasonable extension of the context.",2026-02-01T10:07:37.245730+00:00
267ebb54-461e-4a9a-9699-75bf8e37fc0b,qa_golden_set,qa_003,conciseness,0.8,"The answer is concise and directly addresses the question, but it slightly rephrases the context without adding significant new information.",2026-02-01T10:07:37.558194+00:00
d10d94cd-a25e-4a78-99ac-0988c3a466a3,qa_golden_set,qa_003,context_relevance,1.0,"The context directly addresses the question by stating the purpose of predictive maintenance, which is to anticipate failures by analyzing machine data.",2026-02-01T10:07:37.871706+00:00
ba2444d4-04c1-4a60-8895-4b629db561a9,qa_golden_set,qa_004,hallucination,0.2,"The answer is mostly faithful to the context, accurately describing the difference between MES and ERP systems, with only a minor addition of 'business processes' which is a reasonable inference.",2026-02-01T10:07:38.319141+00:00
b61546b8-b697-45c5-9a3f-4d332b490f48,qa_golden_set,qa_004,conciseness,0.8,"The answer is concise and directly addresses the question, but it could be more concise by avoiding the phrase 'real-time manufacturing operations' and using the context-provided phrase 'shop-floor operations' for better alignment.",2026-02-01T10:07:38.686654+00:00
5f761ab6-6f7b-4d88-9a56-1b94663a6f9f,qa_golden_set,qa_004,context_relevance,1.0,"The context directly addresses the difference between MES and ERP systems, providing a clear distinction between their focuses on shop-floor operations and enterprise-level planning, respectively.",2026-02-01T10:07:38.995900+00:00
8e0cebb2-802c-481c-a11b-d1c9d2759ad4,qa_golden_set,qa_005,hallucination,0.0,"The answer is a direct reflection of the provided context, with no introduced or fabricated information, making it a non-hallucinatory response.",2026-02-01T10:07:39.447227+00:00
d0f5e54c-222a-4389-8021-4f6d88cd60f3,qa_golden_set,qa_005,conciseness,0.8,The answer is mostly concise but includes a minor redundancy with 'token usage' instead of just 'tokens' as mentioned in the context.,2026-02-01T10:07:39.767629+00:00
9ea44679-94cf-4c8c-b862-84872f09cacb,qa_golden_set,qa_005,context_relevance,1.0,The context directly answers the user's question by listing the specific information that an LLM trace typically records.,2026-02-01T10:07:40.045521+00:00
01e6f3d1-e8ec-4187-b801-247f16f1d30f,qa_golden_set,qa_006,hallucination,0.0,"The answer is directly supported by the context, which mentions that prompt changes can impact output quality and evaluation results, and the answer provides a logical consequence of tracking these changes through versioning.",2026-02-01T10:07:40.473458+00:00
63480c56-ec1e-4d3e-8f0d-4223db7178af,qa_golden_set,qa_006,conciseness,0.9,The answer is concise and directly addresses the importance of prompt versioning in LLMOps.,2026-02-01T10:07:40.708170+00:00
de22c722-5b5d-4bf2-a0fe-2dca536525a2,qa_golden_set,qa_006,context_relevance,0.9,"The context mentions the impact of prompt changes, which is directly related to the importance of prompt versioning in LLMOps, implying that tracking and managing different versions of prompts is crucial for maintaining output quality and evaluation consistency.",2026-02-01T10:07:41.125995+00:00
64d53683-ad9e-4ec1-96c4-87053a12635c,qa_golden_set,qa_007,hallucination,0.0,"The answer accurately reflects the context and does not introduce any unsupported or incorrect information, thus it is not a hallucination.",2026-02-01T10:07:41.518882+00:00
c937c079-4a9c-4288-bd98-dad36fc9441e,qa_golden_set,qa_007,conciseness,0.8,"The answer is concise but could be more direct, as it closely mirrors the context statement.",2026-02-01T10:07:41.904337+00:00
16a4b06a-69ec-4d1b-926e-015264919fd4,qa_golden_set,qa_007,context_relevance,1.0,"The context directly addresses the concept of hallucination in LLM responses, providing a clear and relevant definition.",2026-02-01T10:07:42.241767+00:00
f5e8b01b-6d84-49d0-b6ba-1d31985f0914,qa_golden_set,qa_008,hallucination,0.0,"The answer is consistent with the provided context and does not introduce any new, unverified information, thus it is not a hallucination.",2026-02-01T10:07:42.576945+00:00
ad9ece69-de37-4cc4-b98c-b11a0c72e2d2,qa_golden_set,qa_008,conciseness,0.8,"The answer is concise and directly addresses the question, but it provides a bit more information than necessary, such as the ability to label and correct, which is not explicitly asked.",2026-02-01T10:07:43.233066+00:00
46575876-ea16-437f-b833-656140a80f2a,qa_golden_set,qa_008,context_relevance,1.0,"The context directly addresses the purpose of an annotation queue, providing a clear and relevant answer to the user's question.",2026-02-01T10:07:43.542467+00:00
377014df-ab8d-4391-9240-79e105bacc53,qa_golden_set,qa_009,hallucination,0.0,"The answer is directly supported by the context, which mentions variable costs based on tokens and model selection, making cost monitoring a logical conclusion for controlling spending and optimizing model usage.",2026-02-01T10:07:43.951282+00:00
eb6409d4-1065-4d70-8465-77bf44527274,qa_golden_set,qa_009,conciseness,0.9,"The answer is concise and directly addresses the question, providing a clear and relevant response without unnecessary information.",2026-02-01T10:07:44.361726+00:00
374e2967-0938-4929-9182-ebc093d5649c,qa_golden_set,qa_009,context_relevance,0.9,"The context directly addresses the importance of cost monitoring in LLM-based systems by mentioning that LLM usage incurs variable costs, implying that monitoring these costs is crucial for financial management and optimization.",2026-02-01T10:07:44.872987+00:00
1fffe8c6-f48d-49f9-ae22-b40bb5ce7f16,qa_golden_set,qa_010,hallucination,0.0,"The answer is a direct paraphrase of the context, indicating no hallucination as it accurately reflects the provided information.",2026-02-01T10:07:45.220566+00:00
f1be559e-badd-4996-93c8-cddf99ee7b25,qa_golden_set,qa_010,conciseness,0.9,"The answer is concise and directly addresses the question, but it's almost identical to the provided context, which makes it slightly redundant.",2026-02-01T10:07:45.692643+00:00
1bf1ff50-b8e1-432d-a538-ded05f862875,qa_golden_set,qa_010,context_relevance,1.0,The context directly answers the question by defining what context relevance measures in LLM evaluation.,2026-02-01T10:07:46.105877+00:00
272d67e6-4e43-43a4-a65a-5e4f2eae387d,qa_golden_set,qa_001,hallucination,0.0,"The answer accurately reflects the context, describing the primary role of a PLC in a smart factory as automating and controlling industrial machines by executing programmed logic based on sensor inputs, which aligns with the provided context.",2026-02-02T09:01:56.934253+00:00
dbfb7045-6d3c-488f-805d-dbc2ae2042f5,qa_golden_set,qa_001,conciseness,0.8,"The answer is concise and directly addresses the question, but it slightly rephrases the context without adding new information.",2026-02-02T09:01:57.376493+00:00
78373dd6-4aa5-4250-b167-a6e0c10a9ec5,qa_golden_set,qa_001,context_relevance,0.9,"The context directly addresses the primary function of a PLC, which is to automate industrial processes by executing control logic, making it highly relevant to the user's question about the role of a PLC in a smart factory.",2026-02-02T09:01:57.854785+00:00
4487cf7c-5611-4bcd-8b8d-030edbe0ff0c,qa_golden_set,qa_002,hallucination,0.0,"The answer is directly supported by the context, which mentions that sensors collect real-time data, and the answer states that sensors provide real-time operational data, making it a non-hallucinatory response.",2026-02-02T09:01:58.779472+00:00
f5d72836-7061-4057-aa5e-ab3417fceb78,qa_golden_set,qa_002,conciseness,0.8,"The answer is concise and directly addresses the question, but could be slightly more concise by omitting 'operational' or using a more direct phrase.",2026-02-02T09:01:59.295347+00:00
83535a29-27fb-4de1-a585-5702b0f06564,qa_golden_set,qa_002,context_relevance,0.8,"The context provides information about the function of sensors, which is related to their importance in smart manufacturing, but it does not directly address why they are critical.",2026-02-02T09:01:59.784008+00:00
c444d679-019a-45c0-b285-928238c5bf2e,qa_golden_set,qa_003,hallucination,0.2,"The answer is mostly consistent with the context, but adds a minor inference about preventing equipment failures, which is a reasonable extension of the context.",2026-02-02T09:02:00.317042+00:00
94332001-52aa-4a71-8862-e7d378f30ed7,qa_golden_set,qa_003,conciseness,0.8,"The answer is concise and directly addresses the question, but it slightly rephrases the context without adding significant new information.",2026-02-02T09:02:00.931138+00:00
c8bb5554-5d52-4313-bdb9-877106dd4634,qa_golden_set,qa_003,context_relevance,1.0,"The context directly addresses the question by stating the purpose of predictive maintenance, which is to anticipate failures by analyzing machine data.",2026-02-02T09:02:01.448481+00:00
c57acd11-b474-41a3-8d1f-41d28f553ea6,qa_golden_set,qa_004,hallucination,0.2,"The answer is mostly consistent with the context, but adds a minor detail about 'business processes' not explicitly mentioned in the context, which is a slight hallucination.",2026-02-02T09:02:01.952711+00:00
861ab3e4-4798-47e4-8b40-f9e550cfdc89,qa_golden_set,qa_004,conciseness,0.8,"The answer is concise and directly addresses the question, but it could be more concise by avoiding the phrase 'real-time manufacturing operations' and using the context-provided phrase 'shop-floor operations' for better alignment.",2026-02-02T09:02:02.667099+00:00
9ee0617a-f020-4303-9ab3-b59ec10f68da,qa_golden_set,qa_004,context_relevance,1.0,"The context directly addresses the difference between MES and ERP systems, providing a clear distinction between their focuses on shop-floor operations and enterprise-level planning, respectively.",2026-02-02T09:02:03.113540+00:00
e178de56-d2e4-4737-88ca-e4c2b1071e70,qa_golden_set,qa_005,hallucination,0.0,"The answer is a direct reflection of the provided context, with no introduced or fabricated information, making it a non-hallucinatory response.",2026-02-02T09:02:03.691700+00:00
49681630-cc65-494f-8651-0100617c6d44,qa_golden_set,qa_005,conciseness,0.8,The answer is mostly concise but includes a minor redundancy with 'token usage' instead of just 'tokens' as mentioned in the context.,2026-02-02T09:02:04.207228+00:00
5ae6c136-b18d-4595-aad0-c099877a2b50,qa_golden_set,qa_005,context_relevance,1.0,The context directly answers the user's question by listing the specific information that an LLM trace typically records.,2026-02-02T09:02:04.720908+00:00
47b603b3-d630-4868-ad3a-6d41cca885c4,qa_golden_set,qa_006,hallucination,0.0,"The answer is directly supported by the context, which mentions that prompt changes can impact output quality and evaluation results, and the answer provides a logical consequence of tracking these changes through versioning.",2026-02-02T09:02:05.174316+00:00
8e4ceb9d-890f-4ca0-b4d4-b0c2ac6e23d7,qa_golden_set,qa_006,conciseness,0.9,The answer is concise and directly addresses the importance of prompt versioning in LLMOps.,2026-02-02T09:02:05.534793+00:00
5bf5806f-93dc-4b58-bb90-b5e13cc68363,qa_golden_set,qa_006,context_relevance,0.9,"The context discusses the impact of prompt changes, which is directly related to the importance of prompt versioning in LLMOps, as it ensures reproducibility and consistency in model outputs.",2026-02-02T09:02:06.046196+00:00
a4d7cd83-b962-46c6-9dfe-4f6de3e0f62a,qa_golden_set,qa_007,hallucination,0.0,"The answer accurately reflects the context and does not introduce any unsupported or incorrect information, thus it is not a hallucination.",2026-02-02T09:02:06.665181+00:00
1e68523b-7d86-420e-9b93-b5e1e736f456,qa_golden_set,qa_007,conciseness,0.8,"The answer is concise and directly addresses the question, but it's almost a paraphrase of the context, which could be considered slightly redundant.",2026-02-02T09:02:07.278518+00:00
c4903def-2e00-4477-b510-ce36c41205b4,qa_golden_set,qa_007,context_relevance,1.0,"The context directly addresses the concept of hallucination in LLM responses, providing a clear and relevant definition.",2026-02-02T09:02:07.789944+00:00
d340b9d8-3e04-48a4-bfb2-369fa91a8194,qa_golden_set,qa_008,hallucination,0.2,"The answer is mostly consistent with the context, but adds a minor detail (label) not present in the context, which is a slight hallucination.",2026-02-02T09:02:08.400607+00:00
82dc35c6-d6f4-4bc8-95d4-1cf387e9f773,qa_golden_set,qa_008,conciseness,0.8,"The answer is concise and directly addresses the question, but it provides a bit more information than necessary, such as the ability to label and correct, which is not explicitly asked.",2026-02-02T09:02:08.925090+00:00
ddd79488-7b3d-4d26-b6bd-5a7155038559,qa_golden_set,qa_008,context_relevance,1.0,"The context directly addresses the purpose of an annotation queue, providing a clear and relevant answer to the user's question.",2026-02-02T09:02:09.538917+00:00
5362265e-263a-44b6-a2bb-088627e9ba4e,qa_golden_set,qa_009,hallucination,0.0,"The answer is directly supported by the context, which mentions variable costs based on tokens and model selection, implying that monitoring costs would help control spending and optimize model usage.",2026-02-02T09:02:10.141277+00:00
7ce98973-3c85-4c04-9b1a-fc88ac9516a3,qa_golden_set,qa_009,conciseness,0.9,"The answer is concise and directly addresses the question, providing a clear and relevant response without unnecessary information.",2026-02-02T09:02:10.549630+00:00
604eb706-9591-4ccd-8e0b-76d8df2d940e,qa_golden_set,qa_009,context_relevance,0.9,"The context directly addresses the importance of cost monitoring in LLM-based systems by mentioning variable costs related to tokens and model selection, implying that monitoring these costs is crucial for financial management and optimization.",2026-02-02T09:02:11.069373+00:00
33a47ff4-1ef1-455f-be4b-625fe7ac52fd,qa_golden_set,qa_010,hallucination,0.0,"The answer is a paraphrased version of the context, indicating no hallucination as it directly reflects the provided information.",2026-02-02T09:02:11.580453+00:00
fe60d7ff-6fa5-473d-80f2-4acb8a523549,qa_golden_set,qa_010,conciseness,0.9,"The answer is concise and directly addresses the question, but it's almost identical to the context, which makes it slightly redundant.",2026-02-02T09:02:12.187492+00:00
f955addd-c3ee-428c-85f6-f4c949744bb1,qa_golden_set,qa_010,context_relevance,1.0,The context directly answers the question by defining what context relevance measures in LLM evaluation.,2026-02-02T09:02:12.598191+00:00
