eval_id,trace_id,evaluator_name,score,explanation,timestamp
fa015e0f-8beb-4ed0-9fa7-f0bb6e05862f,00522ebe-b003-4454-8afe-bc5aabca3727,hallucination_llm,0.2,"The answer mentions a potential cause of overheating related to cooling systems, which is somewhat relevant to reactor systems. However, it lacks specific guidance or context from the provided pressure control guidelines, making it only partially supported by the context.",2026-02-02 17:34:41.290743+00:00
04d38fdf-bb4b-4f9d-97b0-88a49e631310,aa9fca72-672f-417e-a40f-5b2c34b4beff,hallucination_llm,0.2,"The answer mentions a potential cause of overheating related to cooling systems, which is somewhat relevant to reactor systems. However, it lacks specific guidance or context from the provided pressure control guidelines, making it only partially supported by the context.",2026-02-02 17:34:43.768011+00:00
0acb5542-1b21-4f40-8880-f5c2050bba9d,fc20c5b0-b657-4558-a1b4-3b8e7efcdeb0,hallucination_llm,0.0,The answer does not provide any unsupported information; it accurately reflects the context regarding temperature spike mitigation and cooling system checks.,2026-02-02 17:34:45.816429+00:00
96575aac-a150-46ff-80a4-e453ba0e2f73,cf6a8af0-6ce1-4679-9baf-f1f2ca08b229,hallucination_llm,0.0,"The answer accurately reflects the context provided, which emphasizes the importance of isolation and lockout in the valve shutdown procedure. There is no hallucination present.",2026-02-02 17:34:48.069271+00:00
d5fb2a85-896e-46fe-82b2-af51a2ffe2bb,5322bba5-4212-4477-a7ea-c94a1334ce13,hallucination_llm,1.0,"The answer introduces information about software bugs causing mechanical failures, which is not supported by the context that only discusses emergency protocols for temperature spike mitigation and cooling system checks.",2026-02-02 17:34:50.125292+00:00
991d776a-9b37-43ef-a60d-7684640c1d6a,52c19ff2-1fd9-4678-a71e-be37084e9432,hallucination_llm,0.0,"The answer is supported by the context, which discusses machine maintenance and failure diagnostics, including potential causes for machine stoppage such as motor failure or power issues.",2026-02-02 17:34:52.159029+00:00
a36e91d8-dc51-4b6d-92f7-858993688586,1892a97b-1520-4342-8db0-2fcae57733e2,hallucination_llm,0.0,"The answer accurately reflects the context provided, which emphasizes the importance of isolation and lockout in the valve shutdown procedure. There is no hallucination present.",2026-02-02 17:34:54.615735+00:00
e48a0ff6-7980-4fcc-aa87-23e58f5f31da,20055bd9-d2a1-4eda-b2ce-a71b4860123e,hallucination_llm,0.0,"The answer accurately reflects the context provided, which emphasizes the importance of isolation and lockout in the valve shutdown procedure. There is no hallucination present as the information is supported by the context.",2026-02-02 17:34:57.791678+00:00
5dd22999-5049-4fae-9de5-76f624fc32c6,07a1ad83-495b-4323-b279-9881dd2becc5,hallucination_llm,0.0,"The answer accurately reflects the context provided, which emphasizes the importance of isolation and lockout in the valve shutdown procedure. There is no hallucination present as the information is supported by the context.",2026-02-02 17:35:00.355043+00:00
76aec0b3-a91b-40d6-a77f-620c479cdc3b,943f6ffa-4ffa-49e3-8544-39069d04a145,hallucination_llm,0.0,The answer does not provide any unsupported information; it accurately reflects the context regarding temperature spike mitigation and cooling system checks.,2026-02-02 17:35:02.503328+00:00
f41103b8-479b-4d6f-8555-198632219335,c317b7e9-7f89-4b7f-a177-1efd18ced141,hallucination_llm,0.0,"The answer is supported by the context, which discusses machine maintenance and failure diagnostics, including potential causes for machine stoppage such as motor failure or power issues.",2026-02-02 17:35:04.549679+00:00
0e9e8b61-1528-4f1a-9067-c1650e30ac19,3109a9c7-44f7-4b22-884a-27b72d12b8df,hallucination_llm,0.0,The answer provides valid reasons for machine stoppage (motor failure or power issues) that are relevant to the context of machine maintenance and failure diagnostics for conveyor belts and motors. There is no hallucination present.,2026-02-02 17:35:06.705000+00:00
5f8618da-d78a-4a32-b5c3-716d396b19e3,5a4f70af-a79b-4a73-aefb-736f133141bb,hallucination_llm,0.0,"The answer accurately reflects the context provided, which emphasizes the importance of isolation and lockout in the valve shutdown procedure. There is no hallucination present as the information is supported by the context.",2026-02-02 17:35:09.569501+00:00
12583d09-204b-4a5d-bf6b-5dd65dbad808,9a693df7-828c-4ea2-b02b-758be0f23858,hallucination_llm,0.0,"The answer accurately reflects the context provided, which emphasizes the importance of isolation and lockout in the valve shutdown procedure. There is no hallucination present as the information is supported by the context.",2026-02-02 17:35:11.922276+00:00
db6b48d3-8c06-4d54-8185-7ef463cac304,cf1666f5-7481-4e8b-a3fe-6743894cf9e8,hallucination_llm,0.0,The answer does not provide any unsupported information; it accurately reflects the context regarding temperature spike mitigation and cooling system checks.,2026-02-02 17:35:14.180563+00:00
064c9f2d-f677-4750-b04b-1be2301d6c71,75eca056-5034-4fbf-bec3-0f8fb8ad73c6,hallucination_llm,0.0,The answer does not provide any unsupported information; it accurately reflects the context regarding temperature spike mitigation and cooling system checks.,2026-02-02 17:35:16.225930+00:00
35856319-4058-4d16-9bc6-de8e58ad1a92,386f4039-2899-4ab2-b8e0-07dcddd17883,hallucination_llm,0.9,"The answer accurately reflects the context regarding temperature spike mitigation and cooling system checks. However, it does not explicitly state the cause of the temperature spike, which is not provided in the context, leading to a slight deduction in the score.",2026-02-02 17:35:18.498622+00:00
0b216bda-1dc4-41e9-87e1-200ba46ecfb6,f81bb1be-444a-4666-9a86-4fce7e41cec2,hallucination_llm,0.9,"The answer provides plausible reasons for machine stoppage (motor failure or power issues) that are relevant to the context of maintenance and diagnostics for conveyor belts and motors. However, it lacks specific details or examples from the context, which could enhance its accuracy.",2026-02-02 17:35:20.837873+00:00
3b2cae66-6365-4978-a24c-eb8e7f6113ba,94aa4baa-3461-4243-9223-3f2ff4e3021f,hallucination_llm,0.0,The answer does not provide any unsupported information; it accurately reflects the context regarding temperature spike mitigation and cooling system checks.,2026-02-02 17:35:22.845385+00:00
94937be5-79d6-464c-892f-a5ce37e536e8,1a89e984-f193-43f0-a49d-54f75ed8f3b8,hallucination_llm,0.9,"The answer is mostly supported by the context, which discusses machine maintenance and failure diagnostics. However, it could be considered a slight hallucination if the context does not explicitly mention motor failure or power issues as causes for stoppage.",2026-02-02 17:35:25.132406+00:00
02c47831-ad9c-4c6d-9e01-88355db22d75,e6f9cc07-c7d8-432c-aa4e-4c21206a48ef,hallucination_llm,0.2,"The answer mentions cooling systems, which is relevant to handling overheating, but it does not provide specific pressure control guidelines or detailed strategies related to the context provided. Therefore, it partially aligns with the context but lacks depth and specificity.",2026-02-02 17:35:27.590174+00:00
83ef6ab5-e902-4636-ad1a-71d7ec9398c2,feb3fc0f-5da6-433d-925d-27ad93bd98c8,hallucination_llm,0.0,The answer provides valid reasons for machine stoppage (motor failure or power issues) that are relevant to the context of machine maintenance and failure diagnostics for conveyor belts and motors. There is no hallucination present.,2026-02-02 17:35:29.846703+00:00
75b50796-234e-40a8-b651-c55feed55b13,fccd856f-f5ad-4a18-afbe-abb10df0feed,hallucination_llm,0.0,"The answer is directly supported by the context, which emphasizes electrical safety and emergency shutdown procedures related to power failure.",2026-02-02 17:35:32.196659+00:00
edb725c9-2847-423e-ac64-f30478571f96,c5bac676-5f48-4f48-9217-dfd3e63bd3e8,hallucination_llm,0.2,"The answer mentions a potential cause of overheating related to cooling systems, which is somewhat relevant to reactor systems. However, it lacks specific guidance or context from the provided pressure control guidelines, making it only partially supported by the context.",2026-02-02 17:35:34.550789+00:00
6da779df-faad-4f93-856c-345c554ec7ff,59f6bf83-15a5-4361-bcf4-4f2dd272e67a,hallucination_llm,0.9,"The answer accurately reflects the context regarding temperature spike mitigation and cooling system checks. However, it does not explicitly state the cause of the temperature spike, which is not provided in the context, leading to a slight deduction in the score.",2026-02-02 17:35:36.707882+00:00
1fe704ff-1095-4cf9-a3c2-0d250cc51d5f,e0072ccd-c107-409e-a8cd-375a553bc99b,hallucination_llm,0.9,"The answer mentions motor failure or power issues as potential causes for machine stoppage, which are plausible reasons. However, the context specifically discusses emergency protocols related to temperature spikes and cooling system checks, which are more directly relevant to the question. Therefore, while the answer is not entirely unsupported, it does not align closely with the context provided.",2026-02-02 17:35:39.263508+00:00
ad839dbe-d963-458d-8c6b-d51545166b64,00522ebe-b003-4454-8afe-bc5aabca3727,context_relevance_llm,0.0,"The retrieved context focuses solely on pressure control guidelines for reactors and pipelines, which does not directly address how to handle overheating in reactor systems.",2026-02-02 17:39:00.689149+00:00
8cf8c561-931b-405b-aa62-bb4ca34dd3dd,aa9fca72-672f-417e-a40f-5b2c34b4beff,context_relevance_llm,0.0,"The retrieved context focuses solely on pressure control guidelines for reactors and pipelines, which does not directly address how to handle overheating in reactor systems.",2026-02-02 17:39:02.640690+00:00
8fc85f01-b68d-48bc-baff-8a711ad07496,fc20c5b0-b657-4558-a1b4-3b8e7efcdeb0,context_relevance_llm,0.0,The retrieved context discusses emergency protocols for mitigating temperature spikes but does not provide any information about the causes of temperature spikes.,2026-02-02 17:39:04.575989+00:00
7586cb6e-5891-483b-ba18-4a53d041014c,cf6a8af0-6ce1-4679-9baf-f1f2ca08b229,context_relevance_llm,1.0,"The retrieved context directly addresses the question by providing information about the standard operating procedure for valve shutdown, including safety steps related to isolation and lockout, which are essential components of the shutdown procedure.",2026-02-02 17:39:06.622560+00:00
eb77dc2a-662d-4041-93da-9895faf5da5a,5322bba5-4212-4477-a7ea-c94a1334ce13,context_relevance_llm,0.0,The retrieved context discusses emergency protocols for mitigating temperature spikes but does not provide any information about the causes of temperature spikes.,2026-02-02 17:39:08.569658+00:00
0febd4fe-2ab7-4bc5-a4e0-f52084f97371,52c19ff2-1fd9-4678-a71e-be37084e9432,context_relevance_llm,0.5,"The retrieved context mentions machine maintenance and failure diagnostics, which is somewhat relevant to understanding why a machine might stop. However, it does not provide specific information or reasons related to the question about why a machine stopped.",2026-02-02 17:39:10.922131+00:00
4156845c-bea7-45b3-b4ce-3ed312e0c3d6,1892a97b-1520-4342-8db0-2fcae57733e2,context_relevance_llm,1.0,"The retrieved context directly addresses the question by providing information on the standard operating procedure for valve shutdown, including safety steps related to isolation and lockout, which are essential components of the shutdown procedure.",2026-02-02 17:39:13.179437+00:00
37260a28-342b-4706-825b-4fa4ee0515fb,20055bd9-d2a1-4eda-b2ce-a71b4860123e,context_relevance_llm,1.0,"The retrieved context directly addresses the question by providing information about the standard operating procedure for valve shutdown, including safety steps related to isolation and lockout, which are essential components of the shutdown procedure.",2026-02-02 17:39:15.305646+00:00
f3f8de9e-faa8-4502-9f9a-71a871036a23,07a1ad83-495b-4323-b279-9881dd2becc5,context_relevance_llm,1.0,"The retrieved context directly addresses the question by providing information about the standard operating procedure for valve shutdown, including safety steps related to isolation and lockout, which are essential components of the shutdown procedure.",2026-02-02 17:39:17.517127+00:00
92b0d3be-9f14-4396-b85c-33a5b2575bdf,943f6ffa-4ffa-49e3-8544-39069d04a145,context_relevance_llm,0.0,The retrieved context discusses emergency protocols for mitigating temperature spikes but does not provide any information about the causes of temperature spikes.,2026-02-02 17:39:19.633131+00:00
8de0cd84-3671-45e3-95ac-621e5388324f,c317b7e9-7f89-4b7f-a177-1efd18ced141,context_relevance_llm,0.5,"The retrieved context mentions machine maintenance and failure diagnostics, which is somewhat relevant to understanding why a machine might stop. However, it does not provide specific information or reasons related to the question, making it only partially helpful.",2026-02-02 17:39:21.782193+00:00
417ef1e4-1aed-4fa0-ae11-df23f43ed260,3109a9c7-44f7-4b22-884a-27b72d12b8df,context_relevance_llm,0.5,"The retrieved context mentions machine maintenance and failure diagnostics, which is somewhat relevant to understanding why a machine might stop. However, it does not provide specific information or reasons related to the question 'Why did the machine stop?'.",2026-02-02 17:39:23.934767+00:00
35359930-57e8-4524-aeeb-f72327af6df9,5a4f70af-a79b-4a73-aefb-736f133141bb,context_relevance_llm,1.0,"The retrieved context directly addresses the question by providing information about the standard operating procedure for valve shutdown, including safety steps related to isolation and lockout, which are essential components of the shutdown procedure.",2026-02-02 17:39:26.085823+00:00
a1ad7a39-14a0-4ec6-9509-13aa79c5f8f5,9a693df7-828c-4ea2-b02b-758be0f23858,context_relevance_llm,1.0,"The retrieved context directly addresses the question by providing information about the standard operating procedure for valve shutdown, including safety steps related to isolation and lockout, which are essential components of the shutdown procedure.",2026-02-02 17:39:28.125344+00:00
bdff1ac8-4b49-4f16-bcc9-8988955d97e3,cf1666f5-7481-4e8b-a3fe-6743894cf9e8,context_relevance_llm,0.0,The retrieved context discusses emergency protocols for mitigating temperature spikes but does not provide any information about the causes of temperature spikes.,2026-02-02 17:39:30.236086+00:00
bfc83696-7600-48ef-880e-6598851d8474,75eca056-5034-4fbf-bec3-0f8fb8ad73c6,context_relevance_llm,0.0,The retrieved context discusses emergency protocols for mitigating temperature spikes but does not provide any information about the causes of temperature spikes.,2026-02-02 17:39:32.631656+00:00
666d9170-3fb1-46e1-b0b3-b3056d2ecec4,386f4039-2899-4ab2-b8e0-07dcddd17883,context_relevance_llm,0.0,The retrieved context discusses emergency protocols for mitigating temperature spikes but does not provide any information about the causes of temperature spikes.,2026-02-02 17:39:34.881892+00:00
9a51b1a4-80fb-4017-90e6-c02c0615566f,f81bb1be-444a-4666-9a86-4fce7e41cec2,context_relevance_llm,0.5,"The retrieved context mentions machine maintenance and failure diagnostics, which is somewhat relevant to understanding why a machine might stop. However, it does not provide specific information or reasons related to the question about the machine stopping.",2026-02-02 17:39:36.846376+00:00
fd137fd6-d40a-4f0e-9a45-f1bf04d3d0c0,94aa4baa-3461-4243-9223-3f2ff4e3021f,context_relevance_llm,0.0,The retrieved context discusses emergency protocols for mitigating temperature spikes but does not provide any information about the causes of temperature spikes.,2026-02-02 17:39:38.670432+00:00
b71369a9-503e-4a58-ab5b-da6f92d03f12,1a89e984-f193-43f0-a49d-54f75ed8f3b8,context_relevance_llm,0.5,"The retrieved context mentions machine maintenance and failure diagnostics, which is somewhat relevant to understanding why a machine might stop. However, it does not provide specific information or reasons related to the question 'Why did the machine stop?'.",2026-02-02 17:39:40.923233+00:00
4880bb2b-4f9a-4164-b18d-6c8d8a342ce6,e6f9cc07-c7d8-432c-aa4e-4c21206a48ef,context_relevance_llm,0.0,"The retrieved context focuses solely on pressure control guidelines for reactors and pipelines, which does not directly address how to handle overheating in reactor systems.",2026-02-02 17:39:42.767064+00:00
571d455b-b2f9-4424-a463-4b6bc9ac3723,feb3fc0f-5da6-433d-925d-27ad93bd98c8,context_relevance_llm,0.5,"The retrieved context mentions machine maintenance and failure diagnostics, which is somewhat relevant to understanding why a machine might stop. However, it does not provide specific information or reasons related to the question, making it only partially helpful.",2026-02-02 17:39:44.716503+00:00
451f3d5c-3232-4b17-abf2-d4d300597409,fccd856f-f5ad-4a18-afbe-abb10df0feed,context_relevance_llm,1.0,"The retrieved context directly addresses the question by referencing an electrical safety manual that covers power failure and emergency shutdown procedures, which are essential components of emergency response for power failures.",2026-02-02 17:39:46.973602+00:00
6669d190-1aa9-41a2-8726-da9f63ce0674,c5bac676-5f48-4f48-9217-dfd3e63bd3e8,context_relevance_llm,0.0,"The retrieved context focuses solely on pressure control guidelines for reactors and pipelines, which does not directly address how to handle overheating in reactor systems.",2026-02-02 17:39:48.880252+00:00
1fcf8a76-1a51-4e35-a38f-d982f897f4b3,59f6bf83-15a5-4361-bcf4-4f2dd272e67a,context_relevance_llm,0.0,The retrieved context discusses emergency protocols for mitigating temperature spikes but does not provide any information about the causes of temperature spikes.,2026-02-02 17:39:50.756256+00:00
cb933572-6c5f-4b8b-9063-7ba5474f7c60,e0072ccd-c107-409e-a8cd-375a553bc99b,context_relevance_llm,0.0,The retrieved context discusses emergency protocols for temperature spikes but does not directly address the reason why a machine stopped. It lacks specific information related to the question.,2026-02-02 17:39:52.849714+00:00
6a74ced9-23a5-4bd0-8640-de24c5e9a161,00522ebe-b003-4454-8afe-bc5aabca3727,conciseness_llm,0.0,"The answer is direct and to the point, clearly addressing the issue of overheating without unnecessary elaboration.",2026-02-02 17:42:02.762023+00:00
1e9a6fde-c8f4-42c2-8d0b-24e2478e0607,aa9fca72-672f-417e-a40f-5b2c34b4beff,conciseness_llm,0.0,"The answer is direct and to the point, clearly addressing the issue of overheating without unnecessary elaboration.",2026-02-02 17:42:04.698235+00:00
9a16c368-446a-4b25-81bb-93072df96587,fc20c5b0-b657-4558-a1b4-3b8e7efcdeb0,conciseness_llm,0.0,"The answer is clear, direct, and to-the-point without any unnecessary words or repetition.",2026-02-02 17:42:06.643759+00:00
dd5a9a4a-358c-46f3-b569-03523455b33a,cf6a8af0-6ce1-4679-9baf-f1f2ca08b229,conciseness_llm,0.0,"The answer is extremely concise, clearly summarizing the valve shutdown procedure in a single, straightforward sentence.",2026-02-02 17:42:08.692742+00:00
92f80f61-3f84-4c0e-9855-490c3e876f1a,5322bba5-4212-4477-a7ea-c94a1334ce13,conciseness_llm,0.0,"The answer is clear and to-the-point, providing a direct cause without unnecessary elaboration.",2026-02-02 17:42:10.637483+00:00
bf87ba3b-f9a2-4809-bab0-11d2c0a887ad,52c19ff2-1fd9-4678-a71e-be37084e9432,conciseness_llm,0.0,"The answer is clear and to-the-point, providing a direct response to the question without unnecessary words.",2026-02-02 17:42:12.690532+00:00
9e5ec399-2c51-435d-b1fd-28551fa91553,1892a97b-1520-4342-8db0-2fcae57733e2,conciseness_llm,0.0,"The answer is extremely concise, clearly summarizing the valve shutdown procedure in a single, straightforward sentence.",2026-02-02 17:42:15.146987+00:00
b20c60e7-487e-4b5a-93ef-d3c6f16d815f,20055bd9-d2a1-4eda-b2ce-a71b4860123e,conciseness_llm,0.0,"The answer is extremely concise, clearly summarizing the valve shutdown procedure in a single, straightforward sentence.",2026-02-02 17:42:17.191569+00:00
f748f085-6c71-4362-a31e-157a6a6a0b70,07a1ad83-495b-4323-b279-9881dd2becc5,conciseness_llm,0.0,"The answer is extremely concise, providing a clear and direct summary of the valve shutdown procedure without unnecessary words or repetition.",2026-02-02 17:42:19.238603+00:00
6b586fe6-16a3-4b02-a79a-ddbb89bbebcf,943f6ffa-4ffa-49e3-8544-39069d04a145,conciseness_llm,0.0,"The answer is clear, direct, and to-the-point without any unnecessary words or repetition.",2026-02-02 17:42:21.286521+00:00
f8c77b53-c1d6-472d-b69f-f3a48ae6f579,c317b7e9-7f89-4b7f-a177-1efd18ced141,conciseness_llm,0.0,"The answer is clear, direct, and to-the-point, providing a concise explanation for machine stoppage.",2026-02-02 17:42:23.445006+00:00
e1e01f73-50f1-4841-ae59-f54732211709,3109a9c7-44f7-4b22-884a-27b72d12b8df,conciseness_llm,0.0,"The answer is clear, direct, and to-the-point, providing a concise explanation for machine stoppage.",2026-02-02 17:42:25.485126+00:00
99187a01-c319-4fc5-928e-e4d04f0f2e83,5a4f70af-a79b-4a73-aefb-736f133141bb,conciseness_llm,0.0,"The answer is clear and to-the-point, effectively summarizing the valve shutdown procedure without unnecessary words.",2026-02-02 17:42:27.634507+00:00
fa7b4600-910b-4858-8d1b-510eab36ef9a,9a693df7-828c-4ea2-b02b-758be0f23858,conciseness_llm,0.0,"The answer is clear and to-the-point, effectively summarizing the valve shutdown procedure without unnecessary words.",2026-02-02 17:42:29.587476+00:00
fe273905-d458-4bee-8bbe-db7d9369632c,cf1666f5-7481-4e8b-a3fe-6743894cf9e8,conciseness_llm,0.0,"The answer is clear, direct, and to-the-point without any unnecessary words.",2026-02-02 17:42:31.688084+00:00
57a3e5c1-68c5-4449-9507-48c8e92ed6d2,75eca056-5034-4fbf-bec3-0f8fb8ad73c6,conciseness_llm,0.0,"The answer is clear, direct, and to-the-point without any unnecessary words or repetition.",2026-02-02 17:42:33.573865+00:00
b1c2f90c-d89f-4b52-841a-9d706bcb97e1,386f4039-2899-4ab2-b8e0-07dcddd17883,conciseness_llm,0.0,"The answer is clear, direct, and to-the-point without any unnecessary words or repetition.",2026-02-02 17:42:35.725156+00:00
f7458e95-e110-4944-8f3f-505c49c92465,f81bb1be-444a-4666-9a86-4fce7e41cec2,conciseness_llm,0.0,"The answer is clear and to-the-point, providing a direct explanation for machine stoppage without unnecessary words.",2026-02-02 17:42:37.983106+00:00
37713204-1658-4096-9588-025278e9b54a,94aa4baa-3461-4243-9223-3f2ff4e3021f,conciseness_llm,0.0,"The answer is clear, direct, and to-the-point without any unnecessary words.",2026-02-02 17:42:39.923575+00:00
d08334c9-571f-4fe7-a852-d87e31fb04af,1a89e984-f193-43f0-a49d-54f75ed8f3b8,conciseness_llm,0.0,"The answer is clear, direct, and to-the-point, providing a concise explanation for machine stoppage.",2026-02-02 17:42:41.972646+00:00
36c8c1f9-69c3-4278-bd30-f15e9388f351,e6f9cc07-c7d8-432c-aa4e-4c21206a48ef,conciseness_llm,0.0,"The answer is extremely concise, providing a clear and direct response to the question without unnecessary words.",2026-02-02 17:42:44.019879+00:00
31e91bf7-2e2e-431d-a235-95b25de060c8,feb3fc0f-5da6-433d-925d-27ad93bd98c8,conciseness_llm,0.0,"The answer is clear and to-the-point, providing a direct response to the question without unnecessary words.",2026-02-02 17:42:46.067561+00:00
26efc785-72e7-47c1-a5e7-0b327eca2905,fccd856f-f5ad-4a18-afbe-abb10df0feed,conciseness_llm,0.0,The answer is extremely concise and directly addresses the question without unnecessary words.,2026-02-02 17:42:48.014901+00:00
540f8602-fc34-4c47-8576-beb3a54f2365,c5bac676-5f48-4f48-9217-dfd3e63bd3e8,conciseness_llm,0.0,"The answer is clear and to-the-point, directly addressing the issue of overheating without unnecessary elaboration.",2026-02-02 17:42:50.278755+00:00
9b6cb29e-66a3-4e29-a92f-5d05bede3413,59f6bf83-15a5-4361-bcf4-4f2dd272e67a,conciseness_llm,0.0,"The answer is clear, direct, and to-the-point without any unnecessary words.",2026-02-02 17:42:52.827442+00:00
b7b16fba-70d6-4f99-94a8-c895f9d81d9d,e0072ccd-c107-409e-a8cd-375a553bc99b,conciseness_llm,0.0,"The answer is clear, direct, and to-the-point without any unnecessary words.",2026-02-02 17:42:54.772763+00:00
a2a7f82a-703e-4edc-9764-888368720977,00522ebe-b003-4454-8afe-bc5aabca3727,hallucination_llm,0.182,"The answer mentions a potential cause of overheating related to cooling systems, which is somewhat relevant to reactor systems. However, it lacks specific guidance or context from the provided pressure control guidelines, making it only partially supported by the context.",2026-02-02 17:51:05.364838+00:00
53a1f553-e97f-4f03-a311-bd8b8ae33217,aa9fca72-672f-417e-a40f-5b2c34b4beff,hallucination_llm,0.17,"The answer mentions a potential cause of overheating related to cooling systems, which is somewhat relevant to reactor systems. However, it lacks specific guidance or context from the provided pressure control guidelines, making it only partially supported by the context.",2026-02-02 17:51:07.919168+00:00
4a086fe4-57ce-4641-b407-158aa724a948,fc20c5b0-b657-4558-a1b4-3b8e7efcdeb0,hallucination_llm,0.0,"The answer accurately reflects the context provided, which discusses emergency protocols and cooling system checks related to temperature spikes. There is no hallucination present.",2026-02-02 17:51:09.970925+00:00
914fe70c-b66d-4eba-bd09-9230414c7aad,cf6a8af0-6ce1-4679-9baf-f1f2ca08b229,hallucination_llm,0.0,"The answer accurately reflects the context provided, which emphasizes the importance of isolation and lockout in the valve shutdown procedure. There is no hallucination present.",2026-02-02 17:51:12.224517+00:00
e6092c43-d55c-464d-aedd-e1b24b89f027,5322bba5-4212-4477-a7ea-c94a1334ce13,hallucination_llm,1.0,"The answer introduces information about software bugs causing mechanical failures, which is not supported by the context that only discusses emergency protocols for temperature spike mitigation and cooling system checks.",2026-02-02 17:51:14.273715+00:00
f81f2bda-fd9a-4fdb-83b2-6b7f2873c909,52c19ff2-1fd9-4678-a71e-be37084e9432,hallucination_llm,0.0,"The answer is supported by the context, which discusses machine maintenance and failure diagnostics, including potential causes for machine stoppage such as motor failure and power issues.",2026-02-02 17:51:16.321112+00:00
a992a72f-d96a-43f7-918f-61ce69192623,1892a97b-1520-4342-8db0-2fcae57733e2,hallucination_llm,0.111,"The answer accurately reflects the context provided, which emphasizes isolation and lockout as part of the valve shutdown procedure. There is no hallucination present.",2026-02-02 17:51:18.476635+00:00
0d42790e-688d-432c-a2fb-f92a5a3de2c5,20055bd9-d2a1-4eda-b2ce-a71b4860123e,hallucination_llm,0.0,"The answer accurately reflects the context provided, which emphasizes the importance of isolation and lockout in the valve shutdown procedure. There is no hallucination present.",2026-02-02 17:51:20.622454+00:00
e26498e2-80ca-43b5-a012-19a76240da55,07a1ad83-495b-4323-b279-9881dd2becc5,hallucination_llm,0.03,"The answer accurately reflects the context provided, which emphasizes isolation and lockout as part of the valve shutdown procedure. There is no hallucination present.",2026-02-02 17:51:22.988045+00:00
aa82d3ae-de49-4d61-818b-3b4a2d09416d,943f6ffa-4ffa-49e3-8544-39069d04a145,hallucination_llm,0.065,"The answer does not contain any hallucination as it accurately reflects the context provided, which discusses emergency protocols and cooling system checks related to temperature spikes.",2026-02-02 17:51:25.026127+00:00
0db4fdf0-16f1-45b8-8204-38b1fccc3b23,c317b7e9-7f89-4b7f-a177-1efd18ced141,hallucination_llm,0.081,"The answer is supported by the context, which discusses machine maintenance and failure diagnostics, including potential causes for machine stoppage such as motor failure or power issues.",2026-02-02 17:51:26.816348+00:00
68a21e0e-c598-42f8-9f73-75195dcb1ad3,3109a9c7-44f7-4b22-884a-27b72d12b8df,hallucination_llm,0.036,"The answer is supported by the context, which discusses machine maintenance and failure diagnostics, including potential causes for machine stoppage such as motor failure or power issues.",2026-02-02 17:51:29.227797+00:00
e2419292-207d-4153-8d82-187f7e5950ff,5a4f70af-a79b-4a73-aefb-736f133141bb,hallucination_llm,0.129,"The answer accurately reflects the context provided, which emphasizes isolation and lockout as part of the valve shutdown procedure. There is no hallucination present.",2026-02-02 17:51:31.359349+00:00
5aba5639-7eb3-49ca-bf2c-60ed2a007e95,9a693df7-828c-4ea2-b02b-758be0f23858,hallucination_llm,0.0,"The answer accurately reflects the context provided, which emphasizes isolation and lockout as part of the valve shutdown procedure. There is no hallucination present.",2026-02-02 17:51:33.520939+00:00
0d3551ab-995f-4535-8ced-43dbcfde4042,cf1666f5-7481-4e8b-a3fe-6743894cf9e8,hallucination_llm,0.051,"The answer accurately reflects the context provided, which discusses emergency protocols and cooling system checks related to temperature spikes. There is no hallucination present.",2026-02-02 17:51:35.775574+00:00
04dfebdf-f0d7-428a-b1d2-5860071b9c0c,75eca056-5034-4fbf-bec3-0f8fb8ad73c6,hallucination_llm,0.0,The answer does not provide any unsupported information; it accurately reflects the context regarding temperature spike mitigation and cooling system checks.,2026-02-02 17:51:37.925672+00:00
a7d56cad-2607-40e8-bb02-85829e1b7a54,386f4039-2899-4ab2-b8e0-07dcddd17883,hallucination_llm,0.0,"The answer does not provide any information about the cause of the temperature spike, which is what the question asks. It only mentions mitigation strategies, which are not relevant to the cause.",2026-02-02 17:51:40.590116+00:00
54f20a65-07d7-483a-b088-dbe3abccef3a,f81bb1be-444a-4666-9a86-4fce7e41cec2,hallucination_llm,0.094,The answer provides valid reasons for machine stoppage (motor failure or power issues) that are relevant to the context of machine maintenance and failure diagnostics for conveyor belts and motors. There is no hallucination present.,2026-02-02 17:51:42.846557+00:00
de3ec066-32cc-4aa3-bd2a-31bf6e1799cc,94aa4baa-3461-4243-9223-3f2ff4e3021f,hallucination_llm,0.13,The answer does not provide any unsupported information; it accurately reflects the context regarding temperature spike mitigation and cooling system checks.,2026-02-02 17:51:45.094182+00:00
9095c685-fa5d-47a0-9585-7dcdfa3c289d,1a89e984-f193-43f0-a49d-54f75ed8f3b8,hallucination_llm,0.07,"The answer is directly supported by the context, which discusses machine maintenance and failure diagnostics, including potential causes for machine stoppage such as motor failure or power issues.",2026-02-02 17:51:47.254146+00:00
ed178ce1-60bd-451c-9377-4d32dd37e245,e6f9cc07-c7d8-432c-aa4e-4c21206a48ef,hallucination_llm,0.162,"The answer mentions a potential cause of overheating related to cooling systems, which is somewhat relevant to reactor systems. However, it lacks specific guidance or context from the provided pressure control guidelines, making it only partially supported by the context.",2026-02-02 17:51:49.908804+00:00
2bc50682-d086-40c6-a4db-3c117d5052fc,feb3fc0f-5da6-433d-925d-27ad93bd98c8,hallucination_llm,0.0,"The answer is supported by the context, which discusses machine maintenance and failure diagnostics, including potential causes for machine stoppage such as motor failure or power issues.",2026-02-02 17:51:52.468518+00:00
316afd80-0844-4b89-b53b-3695b96dc08d,fccd856f-f5ad-4a18-afbe-abb10df0feed,hallucination_llm,0.0,"The answer is directly supported by the context, which emphasizes electrical safety and emergency shutdown procedures related to power failure.",2026-02-02 17:51:54.423805+00:00
cdfea1a2-c3e9-4347-906e-e4694dc89204,c5bac676-5f48-4f48-9217-dfd3e63bd3e8,hallucination_llm,0.243,"The answer mentions a potential cause of overheating related to cooling systems, which is somewhat relevant to reactor systems. However, it lacks specific guidance or context from the provided pressure control guidelines, making it only partially supported by the context.",2026-02-02 17:51:56.769730+00:00
36b486fc-ad6a-46a3-94e3-8ae9256cd95b,59f6bf83-15a5-4361-bcf4-4f2dd272e67a,hallucination_llm,0.034,The answer does not provide any unsupported information; it accurately reflects the context regarding temperature spike mitigation and cooling system checks.,2026-02-02 17:51:58.816179+00:00
fea240a1-61ef-4a7b-a9c9-c1dbbdcae9be,e0072ccd-c107-409e-a8cd-375a553bc99b,hallucination_llm,0.877,"The answer mentions motor failure or power issues, which are plausible reasons for machine stoppage, but these specific causes are not supported by the provided context, which only discusses temperature spike mitigation and cooling system checks.",2026-02-02 17:52:00.971423+00:00
8b79df39-53b3-48b8-b8ee-96082e8982c6,a5ca7892-b973-4dcf-ba1e-efb5e6076ab8,hallucination_llm,1.0,"The answer does not provide specific strategies or methods for handling overheating in reactor systems, which is a critical aspect of the question. While it may relate to pressure control, it lacks direct relevance to the issue of overheating.",2026-02-03 09:36:31.035488+00:00
d520fdf5-b0a9-4fb9-9e71-1a4648c0bbda,fcb98de2-b5d7-4719-a36c-60607d798b3a,hallucination_llm,0.879,"The answer does not provide specific strategies or methods for handling overheating in reactor systems, which is a critical aspect of the question. Instead, it appears to be a placeholder or simulated response without relevant content, indicating a high level of hallucination.",2026-02-03 09:36:33.958154+00:00
ac3b6bf9-93fd-4045-89c4-75dd2a4350f8,064c2d1a-742a-42e0-a1b0-d3e792167cfb,hallucination_llm,0.917,"The answer does not provide specific strategies or methods for handling overheating in reactor systems, which is a critical aspect of the question. Instead, it appears to be a placeholder or simulated response without relevant content, indicating a high level of hallucination.",2026-02-03 09:36:36.507671+00:00
035bd64a-b4d7-4793-9681-e6817576b425,05fcdaf1-0d5f-480f-84ad-6c2878ae3f83,hallucination_llm,0.847,"The answer does not provide specific details from the context of the electrical safety manual, which may lead to a lack of clarity on the actual emergency response procedures for power failure. However, it does indicate that it is a simulated answer, which suggests an attempt to align with the context.",2026-02-03 09:36:38.869279+00:00
817965c5-18c2-49d7-8351-aa1567e75b1a,56a5d31d-e4c9-4c00-a6b4-14257f34192d,hallucination_llm,0.824,"The answer does not provide specific details about the valve shutdown procedure, which should include the safety steps for isolation and lockout as mentioned in the context. However, it acknowledges the need for a procedure, which is relevant.",2026-02-03 09:36:48.896537+00:00
